Name,Sector,Address,Phone,Email,Website
ABASYN UNIVERSITY,Private,"Peshawar Campus, Ring Road (Charsadda Link), Peshawar.","92-91-258 2934, +92-91- 224867", admissions@abasyn.edu.pk ,http://www.abasyn.edu.pk/
Abbottabad University of Science and Technology (AUST),Public,"Captain Akaash Rabbani Shaheed Road, Tehsil Havelian, District Abbottabad, Khyber Pakhtunkhwa",+92 (992) 402 117, info@aust.edu.pk ,http://aust.edu.pk
ABDUL WALI KHAN UNIVERSITY,Public,"Garden Campus Toru Road, Mardan","+92-937-843356, +92-937-840499", ua-cdc@awkum.edu.pk ,http://www.awkum.edu.pk
AIR UNIVERSITY,Public,"Service Road E-9 / E-8, Islamabad, Pakistan Islamabad 44000, Pakistan", +92-51-9262557-9 , amjad@mail.au.edu.pk ,http://www.au.edu.pk/ 
AL-HAMD ISLAMIC UNIVERSITY,Private,"Airport Road Quetta, Baleli Road, Quetta, Pakistan ","+92-81-2301771-6, 4, 3,2", info@aiu.edu.pk ,http://www.aiu.edu.pk
ALI INSTITUTE OF EDUCATION,Private,"Shahrah-e-Roomi (Ferozpur Road), Lahore 54000. ", +92.423 588 2913, info@aie.edu.pk ,http://www.aie.edu.pk/
ALLAMA IQBAL OPEN UNIVERSITY,Public,"Ashfaq Ahmed Road, H-8/2 Islamabad 44000, Pakistan",-650, support@aiou.edu.pk ,http://www.aiou.edu.pk
BAHAUDDIN ZAKARIYA UNIVERSITY,Public,"Bosan Road,Multan 60000, Multan, Pakistan",-9210038, registrar@bzu.edu.pk ,http://www.bzu.edu.pk
BAHRIA UNIVERSITY,Public,"Sector E-8 Shangrilla Rd, Islamabad, Pakistan",-209, info@bahria.edu.pk ,http://www.bahria.edu.pk/ 
Balochistan University of Engineering & Technology,Public,"Balochistan University of Engg & Technology (BUET), Khuzdar. ","+92-848-412834, +92-848-502100", info@buetk.edu.pk ,http://www.buetk.edu.pk
BALOCHISTAN UNIVERSITY OF INFORMATION TECHNOLOGY & MANAGEMENT SCIENCES,Public,"Balochistan University of Information Technology, Engineering and Management Sciences, Airport Road, Baleli, Quetta.","+92-81-2881042081, +92-81-9202", faisal.durrani@buitms.edu.pk ,http://www.buitms.edu.pk
BAQAI MEDICAL UNIVERSITY,Private,"51, Deh Tor, Gadap Road, Near Toll Plaza, Super Highway P.O Box No 2407, Karachi - 74600, Pakistan.","+92-21-34410-311, +92-21-34410", info@baqai.edu.pk ,http://www.baqai.edu.pk
BEACONHOUSE NATIONAL UNIVERSITY,Private,"13 KM Raiwaind Road, Near Jati Umrah Road, Lahore 54400. ",-38100106, info@bnu.edu.pk ,http://www.bnu.edu.pk
BENAZIR BHUTTO SHAHEED UNIVERSITY LYARI,Public,"Fakir Muhammad Dura Khan Road, Near Kashti Chowk Lyari, Karachi, Postal Code: 75660. ","+92-21-32744020, +92-21-327440", info@bbsul.edu.pk ,http://www.bbsul.edu.pk
CECOS UNIVERSITY OF INFORMATION TECHNOLOGY & EMERGING SCIENCES,Private,"CECOS University, Phase 6, Sector F-5, Hayatabad, Peshawar. ",-5864290, info@www.cecos.edu.pk ,http://www.cecos.edu.pk
COMSATS INSTITUTE OF INFORMATION TECHNOLOGY,Public,"Park Road, Tarlai Kalan,  Islamabad 45550, Pakistan ",051-90495112, registrar@comsats.edu.pk ,https://www.comsats.edu.pk/
CAPITAL UNIVERSITY OF SCIENCE & TECHNOLOGY,Private,"Capital University of Science & Technology  Islamabad Expressway,  Kahuta Road, Zone-V  Islamabad.","+92-51-2512800-1, +92-51-44867", registrar@cust.edu.pk ,http://www.cust.edu.pk/ 
CITY UNIVERSITY OF SCIENCE AND INFORMATION TECHNOLOGY,Private,"City University  Of Science and Information Technology Dalazak Road Peshawar, Pakistan.",-2609508, info@cusit.edu.pk ,http://www.cityuniversity.edu.pk
COMMECS INSTITUTE OF BUSINESS & EMERGING SCIENCES,Private,"Plot No. 40-B, Block-6, PECHS, Karachi. ","+92-21-34634104, +92-21-343200", info@commecsinstitute.edu.pk ,http://www.commecsinstitute.edu.pk
DHA SUFFA UNIVERSITY,Private,"DG-78, Off Khayaban-e-Tufail, Ph-VII (Ext),DHA, Karachi-75500.",-35244804, info@dsu.edu.pk ,http://www.dsu.edu.pk
DOW UNIVERSITY OF HEALTH SCIENCES,Public,"Baba-E-Urdu Road, Karachi 74200. ",-99248334, ctu@duhs.edu.pk ,http://www.duhs.edu.pk
DADABHOY INSTITUTE OF HIGHER EDUCATION,Private,"SNPA-17/B, Block 3, P.E.C.H.Society,Shaheed-e-Millat Road, Karachi. ","+92-21-34389108, +92-21-111-02", registrar@dadabhoy.edu.pk ,http://www.dadabhoy.edu.pk
DAWOOD UNIVERSITY OF ENGINEERING & TECHNOLOGY,Public,"M.A. Jinnah Road, Karachi 74800. ","+92-21-99230701, +92-21-992311", info@duet.edu.pk ,http://www.duet.edu.pk
"FATIMA JINNAH MEDICAL UNIVERSITY, LAHORE",Public,"Shara-I-Fatima Jinnah ,Queens Road  Lahore "," 99200572-8, 99203718 111-222-", info.college@fjmc.edu.pk ,http://www.fjmc.edu.pk/ 
"FEDERAL URDU UNIVERSITY OF ARTS, SCIENCES & TECHNOLOGY",Public,"Sector G-7/1, Near Zero Point,Islamabad. ",-9252883, info@fuuastisb.edu.pk ,http://www.fuuastisb.edu.pk/ 
FORMAN CHRISTIAN COLLEGE,Private,Forman Christian College  Ferozepur Road  Lahore 54600  Pakistan,"+92-42-99230782, +92-42-992315", contact@fccollege.edu.pk ,http://www.fccollege.edu.pk
FOUNDATION UNIVERSITY,Private,"Defence Avenue, Phase-I, DHA,Islamabad ","+92-51-5788171, +92-51-5788250", info@fui.edu.pk ,http://www.fui.edu.pk/
GIFT UNIVERSITY,Private,"Sialkot Bypass, Gujranwala, Pakistan. ",-3892944, info@gift.edu.pk ,http://www.gift.edu.pk
GANDHARA UNIVERSITY,Private,"Canal Road University Town, Peshawar. ",-640311, info@gandhara.edu.pk ,http://www.gandhara.edu.pk
GHAZI UNIVERSITY,Public,"Ghazi University, Dera Ghazi Khan - City Campus,  College Chowk, Near Pul Dat.",-9260352, info@gudgk.edu.pk ,http://www.gudgk.edu.pk
GHULAM ISHAQ KHAN INSTITUTE OF ENGINEERING SCIENCES & TECHNOLOGY,Private,"GIK Institute of Engineering Sciences and Technology, Topi 23640, District Swabi, Khyber Pakhtunkhwa, Pakistan.","+92-938-271875,+92-938-271897", sherali@giki.edu.pk ,http://www.giki.edu.pk
GOMAL UNIVERSITY,Public,"Indus HWY, DI Khan City, Dera Ismail Khan, Khyber Pakhtoonkhwa, Dera Ismail Khan, Pakistan","+92-966-750266, +92-966-750279", submit.gomalujr@gmail.com ,http://www.gu.edu.pk/
GOVERNMENT COLLEGE UNIVERSITY,Public,"Kotwali Rd, Faisalabad 38000, Pakistan. ","+92-41-9200670, +92-41-9201266", info@gcuf.edu.pk ,http://www.gcuf.edu.pk
"GOVERNMENT COLLEGE UNIVERSITY, LAHORE",Public,"Near Nasir Bagh, Katchery Rd, Lahore 54000, Pakistan. ",+92-42-111 000 010 , registrar@gcu.edu.pk ,http://www.gcu.edu.pk
Government College Women University Faisalabad,Public,"Government College Women University, Shafique Road Faisalabad Zip Code 38000",-9220014, info@gcwuf.edu.pk ,http://gcwuf.edu.pk/
"GOVERNMENT COLLEGE FOR WOMEN UNIVERSITY, SIALKOT",Public,"Kutchehry Road, Sialkot Pakistan","+92-52-925 0170, +92-52-925 05", info@gcwus.edu.pk ,http://www.gcwus.edu.pk/ 
GOVERNMENT SADIQ COLLEGE WOMEN UNIVERSITY,Public,"Government Sadiq College Women University, Bahawalpur. ","+92-62-2284803, +92-62 9250075", info@gscwu.edu.pk ,https://www.gscwu.edu.pk/
GREENWICH UNIVERSITY,Private,"DK-10, 38th Street, Darkshan, DHA, Phase 6, Karachi 75500. ","(92)(21) 35840397/98, (92)(21)", gu@greenwich.edu.pk ,http://www.greenwich.edu.pk/
HITEC UNIVERSITY,Private,"Museum Road, Taxila Cantt","+92-51-4908142, +92-51-3010514", assistant.registrar@hitecuni.edu.pk ,http://www.hitecuni.edu.pk
HABIB UNIVERSITY,Private,"Habib University Foundation147, Block 7 & 8 Banglore Cooperative Housing SocietyTipu Sultan Road Karachi – 75350. ",+92-21-111-042 242 , aamir.siddiqui@habib.edu.pk ,http://www.habib.edu.pk
HAJVERY UNIVERSITY,Private,"43-52 Industrial Area Gulberg III, Lahore. ","+92-42-35717130-1, +92-42-111 ", registrar@hup.edu.pk ,http://www.hajvery.edu.pk
HAMDARD UNIVERSITY,Private,"Madinat-al-Hikmah, Sharea Madinat al-Hikmah, Muhammad Bin Qasim Avenue, Karachi 74600. ","+92-21-36440030021, +92-21-364", info@hamdard.edu.pk ,http://www.hamdard.edu.pk
HAZARA UNIVERSITY,Public,DHODIAL MANSEHRA [NWFP],"+92-997-530732, +92-997-414121", registrar@hu.edu.pk ,http://www.hu.edu.pk
INDUS VALLEY SCHOOL OF ART & ARCHITECTURE,Private,"Street 33, Block 2, Scheme-5, Clifton, Karachi.75600 ",-638, info@ivs.edu.pk ,http://www.indusvalley.edu.pk
INDUS UNIVERSITY,Private,"ST-2D, Block-17, Adjacent National Stadium Gulshan-e Iqbal, Opp: Mushriq Centre, Karachi. ","+92-21-34977457, +92-21- 34801", admission.site@indus.edu.pk ,http://www.indus.edu.pk
INFORMATION TECHNOLOGY UNIVERSITY OF THE PUNJAB,Public,"6th Floor, Arfa Software Technology Park, Ferozepur Road, Lahore","+92-42-99232124, +9242-9923253", admission@itu.edu.pk ,http://www.itu.edu.pk
INSTITUTE OF BUSINESS & TECHNOLOGY,Private,"Main Ibrahim Hydri Road, Korangi Creek, Karachi. ","+92-21-35120462, +92-21-350918", info@biztek.edu.pk ,http://www.biztek.edu.pk
INSTITUTE OF BUSINESS ADMINISTRATION,Public,"Plot # 68 & 88 Garden / Kayani Shaheed Road, Karachi - 74400 Pakistan",92-21-38104700, info@khi.iba.edu.pk ,http://www.iba.edu.pk
INSTITUTE OF BUSINESS MANAGEMENT,Private,"Korangi Creek, Karachi-75190, Pakistan. ",(+92-21)3509-0961-67, mec@iobm.edu.pk ,http://www.iobm.edu.pk
INSTITUTE OF MANAGEMENT SCIENCES,Public,"I-A, Sector E-5, Phase-VII, Hayatabad, Peshawar. "," 091-9217408,091-9217443,091-9", info@imsciences.edu.pk ,http://www.imsciences.edu.pk
"INSTITUTE OF MANAGEMENT SCIENCES, Lahore ",Private," 23-E-III, Gulberg-III, 54660 Lahore, Pakistan","+92-42-35751115-8, +92-42-3575", info@pakaims.edu.pk ,http://www.pakaims.edu.pk
INSTITUTE OF SOUTHERN PUNJAB,Private,"9-KM, Bosan Road, Multan, Pakistan",-1343, info@isp.edu.pk ,http://isp.edu.pk/ 
INSTITUTE OF SPACE TECHNOLOGY,Public,"Institute of Space Technology , P.O. Box 2750 Islamabad 44000 , Pakistan","+92-51-9075100, +92-51-9273310", info@ist.edu.pk ,http://www.ist.edu.pk/ 
INTERNATIONAL ISLAMIC UNIVERSITY,Public,"Sector H-10 Islamabad 44000, Pakistan","+92-51-9257988, +92-51-9019616", khalidmraja@iiu.edu.pk ,http://www.iiu.edu.pk/
IQRA NATIONAL UNIVERSITY,Private,"Phase-II, Hayatabad Peshawar",+92-91-5822 852091 , info@inu.edu.pk ,http://www.inu.edu.pk
IQRA UNIVERSITY,Private,"Defence View, Shaheed-e-Millat Road, (Ext), Karachi.","+92-21-35310802, +92-21-353108", registrar@iqra.edu.pk ,http://www.iqra.edu.pk
ISLAMIA COLLEGE UNIVERSITY,Public,"Jamrod Road, University Campus,Peshawar. ",-9216008, registrar@icp.edu.pk ,http://www.icp.edu.pk
ISLAMIA UNIVERSITY,Public,The Islamia University of Bahawalpur  Pakistan.,92 - 62 - 9250235 , info@iub.edu.pk ,http://www.iub.edu.pk
ISRA UNIVERSITY,Private,"Isra University, Hala Road, Hyderabad Sindh, Pakistan",(92 22) 2030181-4, admissions@isra.edu.pk ,http://www.isra.edu.pk
JINNAH SINDH MEDICAL UNIVERSITY,Public,"Rafique H.J Shaheed Road, Karachi. ","+92-21-99204776, +92-21- 35223", admissions@jsmu.edu.pk ,http://www.jsmu.edu.pk
JINNAH UNIVERSITY FOR WOMEN,Private,"Jinnah University for Women, 5-C, Nazimabad, Karachi 74600. ","+92-21-36611245, +92-21-366199", info@juw.edu.pk ,http://www.juw.edu.pk
KASB INSTITUTE OF TECHNOLOGY,Private,"84-B, S.M.C.H.S, Off Shahrah-e-Faisal,  Karachi-74400, Pakistan. ",+92-21-343 14970-3 , info@kasbit.edu.pk ,http://www.kasbit.edu.pk
KARACHI INSTITUTE OF ECONOMICS & TECHNOLOGY,Private,"PAF-KIET Main Campus Korangi Creek, Karachi 75190",-35091050, registrar@pafkiet.edu.pk ,http://www.pafkiet.edu.pk
KARACHI SCHOOL FOR BUSINESS & LEADERSHIP,Private,"National Stadium Road Opp. Liaquat National Hospital,Karachi – 74800. ","+92-21-721021, +92-21-38771999", info@ksbl.edu.pk ,http://www.ksbl.edu.pk
KARAKURUM INTERNATIONAL UNIVERSITY,Public,"Karakoram International University, Main Campus University Road Gilgit (15100) Pakistan",-966159, info@kiu.edu.pk ,http://www.kiu.edu.pk
KHAWAJA FREED UNIVERSITY OF ENGINEERING & INFORMATION TECHNOLOGY,Public,"Abu Dhabi Road, Rahim Yar Khan","+92-68-9239121, +92-68-9239122", info@kfueit.edu.pk ,http://www.kfueit.edu.pk/ 
KHYBER MEDICAL UNIVERSITY,Public,PDA building Block-4 Phase-5 Hayatabad Peshawar ,-9217694, info@kmu.edu.pk ,http://www.kmu.edu.pk
KHYBER PAKHTUNKHWA AGRICULTURAL UNIVERSITY,Public,"KHYBER PAKHTUNKHWA AGRICULTURAL UNIVERSITY,University Campus, Peshawar","+92-91-9216518091, +92--921657", riazadil@aup.edu.pk ,http://www.aup.edu.pk
KING EDWARD MEDICAL UNIVERSITY,Public,"Nelagumbad near New Anarkali, Lahore. ","+92-42-99211151, +92-42-373540", info@kemu.edu.pk ,http://www.kemu.edu.pk
KINNAIRD COLLEGE FOR WOMEN,Public,"Kinnaird College for Women 93- Jail Road, Lahore",-99203735, info@kinnaird.edu.pk ,http://www.kinnaird.edu.pk
KOHAT UNIVERSITY OF SCIENCE AND TECHNOLOGY,Public,"Bannu Rd, Kohat 26000, Khyber Pakhtunkhwa. ","+92-922-554578, +92-922-529147", registrar@kust.edu.pk ,http://www.kust.edu.pk
LAHORE COLLEGE FOR WOMEN UNIVERSITY,Public,"Lahore College for Women University, Jail Road, Lahore.  ",-99203038, registrar@lcwu.edu.pk ,http://www.lcwu.edu.pk
LAHORE GARRISON UNIVERSITY,Private,"Main Campus, Sector C, DHA Phase-VI, Lahore. ",-37181793, info@lgu.edu.pk ,http://lgu.edu.pk/ 
LAHORE LEADS UNIVERSITY,Private,"5-Tipu Block, New Garden Town, Lahore. ","+92-42-35846330, +92-423584320", admission@leads.edu.pk ,http://www.leads.edu.pk
LAHORE UNIVERSITY OF MANAGEMENT SCIENCES,Private,"D.H.A, Lahore Cantt. 54792  Lahore, Pakistan. ",+92 42 3560 8000, mahjabeen.ahmad@lums.edu.pk ,http://www.lums.edu.pk
LIAQUAT UNIVERSITY OF MEDICAL & HEALTH SCIENCES,Public,"Liaquat University of Medical & Health Sciences Jamshoro, Sindh - Pakistan","+92-22-9213305, +92-22-9213307", registrar@lumhs.edu.pk ,http://www.lumhs.edu.pk
MEHRAN UNIVERSITY OF ENGINEERING & TECHNOLOGY,Public,"Indus Highway, Jamshoro 76062, Pakistan. ",+92 (22) 2772250-73, registrar@admin.muet.edu.pk ,http://www.muet.edu.pk
MINHAJ UNIVERSITY,Private,"Near Hamdard Chowk, Township, Lahore.","+92-42-351206800, +92-42-35145", info@mul.edu.pk ,http://www.mul.edu.pk
MIRPUR UNIVERSITY OF SCIENCE & TECHNOLOGY,Public,"Mirpur University of Science and Technology (MUST), Admin Block, Allama Iqbal Road, Sector B-3, Mirpur. ",-966769, info@must.edu.pk ,http://www.must.edu.pk
MUHAMMAD ALI JINNAH UNIVERSITY,Private,"22-E, Block-6, PECHS, Karachi 75400 ","+92-21-111-87-87-87, +92-21-34", info@jinnah.edu ,http://www.jinnah.edu
MUHAMMAD NAWAZ SHAREEF UNIVERSITY OF AGRICULTURE,Public,"Old Shujaabad Road, Chungi No. 21, Sui Gas road, Multan",-18403329, info@mnsuam.edu.pk ,http://www.mnsuam.edu.pk
MUHAMMAD NAWAZ SHARIF UNIVERSITY OF  ENGINEERING & TECHNOLOGY,Public,"GCT, Old Bahwalpur Road, Multan. ",-4482422, info@mnsuet.edu.pk ,http://www.mnsuet.edu.pk/ 
MUSLIM YOUTH UNIVERSITY,Private,"Muslim Youth University. PO Box 21177  G-10, subsector 4 (G-10/4) Islamabad "," +92-51-8733217, +92-51-873321", contact@myu.edu.pk ,http://myu.edu.pk/ 
NED UNIVERSITY OF ENGINEERING & TECHNOLOGY,Public,"NED University of Engineering & Technology University Road, Karachi - 75270, Pakistan","+92-21-99261253, +92-21-99261 ", registrar@neduet.edu.pk ,http://www.neduet.edu.pk
NFC INSTITUTE OF ENGINEERING & TECHNOLOGY,Public,"NFC Institute of Engineering and Technology, Opposite Pak Arab Fertilizers, Khanewal Road, Multan, Pakistan ","+92-61-9220044, +92-61-9220012", info@nfciet.edu.pk ,http://www.nfciet.edu.pk
NATIONAL COLLEGE OF ARTS,Public,"4, Shahrah-E-Quaid-E-Azam, Lahore,Pakistan","+92 42 99210599, 99210601 ", info@nca.edu.pk ,http://www.nca.edu.pk
NATIONAL COLLEGE OF BUSINESS ADMINISTRATION & ECONOMICS,Private,"National College of Business Administration & Economics, 40-E1, Gulberg III, Lahore 54660, Pakistan","+92 (42) 3575-2716, 19", admission@ncbae.edu.pk ,http://www.ncbae.edu.pk
NATIONAL DEFENSE UNIVERSITY,Public,"Sector E-9, Islamabad ",051-9262066-68, gso1trg@ndu.edu.pk ,http://www.ndu.edu.pk/ 
NATIONAL TEXTILE UNIVERSITY,Public,"National Textile University: Sheikhupura Road, Faisalabad 37610, Pakistan",92 (041) 9230081-90, info@ntu.edu.pk ,http://www.ntu.edu.pk
NATIONAL UNIVERSITY OF COMPUTER & EMERGING SCIENCES (FAST),Private,"A.K Brohi Road , Sector H-11/4, Islamabad. ","+92-51-111 128 128, +92-51-831", admissions@nu.edu.pk ,http://www.nu.edu.pk/ 
NATIONAL UNIVERSITY OF MEDICAL SCIENCES,Public,"National University of Medical Sciences, The Mall, Rawalpindi, Pakistan.",-9270636, info@numspak.edu.pk ,http://numspak.edu.pk/ 
NATIONAL UNIVERSITY OF MODERN LANGUAGES (NUML),Public,"National University of Modern Languages  H-9 Islamabad ,Pakistan. ","+92-51-111-11-6878, +92-51-908", info@numl.edu.pk ,http://www.numl.edu.pk/ 
NATIONAL UNIVERSITY OF SCIENCES & TECHNOLOGY,Public,"National University of Sciences and Technology. NUST Campus, H-12, Islamabad, Pakistan. ", +92-51-111-11-6878, hrm@nust.edu.pk ,http://www.nust.edu.pk/ 
NAZEER HUSSAIN UNIVERSITY,Private,"Address: ST-2 Block-4, Federal B Area Near Karimabad Karachi.",+92-21- 3636 2046-54 , info@nhu.edu.pk ,http://www.nhu.edu.pk/ 
NEWPORT INSTITUTE OF COMMUNICATIONS & ECONOMICS,Private,"40-L, PECHS Block-6, Karachi. ","+9221-34541067, +9221-36671234", info@newports.edu.pk ,http://www.newports.edu.pk
NORTHERN UNIVERSITY NOWSHERA,Private,"The Northern University (Main Campus), Wattar Walai Ziarat, Kaka Sahib Road Nowshera, KPK, PK","+92-923-613487, +92-923-613485", info@northern.edu.pk ,http://www.northern.edu.pk
NUR INTERNATIONAL UNIVERSITY,Private,"11/I-B, Model Town, Lahore, Pakistan","+92-42-111555600, +92-42-37421", info@niu.edu.pk ,http://www.niu.edu.pk
PAKISTAN INSTITUTE OF DEVELOPMENT ECONOMICS (PIDE),Public,"Pakistan Institute of Development Economics (PIDE),  Quaid-i-Azam University Campus,  P.O. Box. 1091, Islamabad,  44000, Pakistan. ",-18496057, registrar@pide.org.pk ,http://www.pide.org.pk/ 
PAKISTAN INSTITUTE OF ENGINEERING & APPLIED SCIENCES,Public,"Nilore, Islamabad, Pakistan. ",+92 51 1111 74327, registrar@pieas.edu.pk ,http://www.pieas.edu.pk/ 
PAKISTAN INSTITUTE OF FASHION & DESIGN,Public," 51-JIII Joher Town. Lahore , P.O.Box 542782 Pakistan", 042-99232951-7, info@pifd.edu.pk ,http://www.pifd.edu.pk 
PEOPLES UNIVERSITY OF MEDICAL & HEALTH SCIENCES FOR WOMEN,Public,"Peoples University of Medical & Health Sciences for Women, Nawabshah 67480 (SBA). ",-9370412, registrar@pumhs.edu.pk ,http://www.pumhs.edu.pk
PIR MEHR ALI SHAH ARID AGRICULTURE UNIVERSITY,Public,"PMAS-Arid Agriculture University Rawalpindi,  Shamsabad, Muree Road Rawalpindi - Pakistan. ",-9292063, registrar@uaar.edu.pk ,http://www.uaar.edu.pk
PRESTON UNIVERSITY,Private,"Sector 10 Street 3 KDA Kohat, Kohat, Pakistan,  Islamabad Campus: Plot No 85, Street 3, Sector H-8/1,Islamabad. ",-8491259, kohat@preston.edu.pk ,http://www.preston.edu.pk
PRESTON UNIVERSITY,Private,"Main Campus:15, Banglore Town, Shahrah-e-Faisal,Karachi. ",-34398656, karachi@preston.edu.pk ,http://www.preston.edu.pk
QARSHI UNIVERSITY,Private,"Qarshi University 8-Km Thokar Niaz baig, Canal Bank Road, Opposite lzmir Town, Lahore- Pakistan. 54000","+92-42-37576946,+92-42-3742976", info@qu.edu.pk ,http://www.qu.edu.pk
"QUAID-E-AWAM UNIVERSITY OF ENGINEERING, SCIENCES & TECHNOLOGY",Public,"Quaid-e-Awam University Sakrand Road, Nawabshah, Sindh, Pakistan",0244-9370381-5, registrar@quest.edu.pk ,http://www.quest.edu.pk 
QUAID-I-AZAM UNIVERSITY,Public,"Quaid-i-Azam University Islamabad, 45320, Pakistan. ",+92-051-9064 0000 , info@qau.edu.pk ,https://www.qau.edu.pk/ 
QURTABA UNIVERSITY OF SCIENCE & INFORMATION TECHNOLOGY,Private,"Sheikh Yusuf Road, Dera Ismail Khan, ",+92 (966) - 714007/8, dik@qurtuba.edu.pk ,http://www.qurtuba.edu.pk
RIPHAH INTERNATIONAL UNIVERSITY,Private,"Sector I-14, Hajj Complex, Islamabad.",+92 (51) 844 6000-7, admissions@riphah.edu.pk ,https://www.riphah.edu.pk/ 
SARDAR BAHADUR KHAN WOMEN UNIVERSITY,Public,"SBK Women's University, Brewery Road Quetta, Balochistan,Pakistan",+92(081) 9213303, vc@sbkwu.edu.pk ,http://www.sbkwu.edu.pk
SARHAD UNIVERSITY OF SCIENCE & INFORMATION TECHNOLOGY,Private,"Sarhad University Landi Akhun Ahmad, Hayatabad Link. Ring Road, Peshawar, Pakistan",-5230930, registrar@suit.edu.pk ,http://www.suit.edu.pk 
SHAH ABDUL LATIF UNIVERSITY,Public,"Old National Highway, Khairpur Mir's, 66020 Sindh, Pakistan",-9280274, info@salu.edu.pk ,http://www.salu.edu.pk
SHAHEED BENAZIR BHUTTO CITY UNIVERSITY,Private,"Plot F-201 1st floor & 2nd Floor, Near Site Philips Chowrangi, Labour Square, Site Police Station, Binoria Restaurant, Karachi. ","+92-21-34242136, +92-21-342420", info@sbbcu.edu.pk ,http://www.sbbcu.edu.pk
SHAHEED BENAZIR BHUTTO DEWAN UNIVERSITY,Private,"Plot # 30-A/1, Sector 23, Korangi Industrial Area, Karachi, 74900-Pakistan.","+92)- (021)-35115008-10, (021)", info@sbbdewanuniversity.edu.pk ,http://www.sbbdewanuniversity.edu.pk/
SHAHEED BENAZIR BHUTTO UNIVERSITY OF VETERINARY & ANIMAL SCIENCES,Public,"Main Nawabshah road, Sakrand, District Shaheed Benazirabad",-322302, info@sbbuvas.edu.pk ,http://www.sbbuvas.edu.pk
"SHAHEED BENAZIR BHUTTO UNIVERSITY, SHAHEED BENAZIRABAD",Public,"SHAHEED BENAZIR BHUTTO UNIVERSITY, SHAHEED BENAZIRABAD, Pakistan 67450","+92-244-9370520, +92-244-93705", info@sbbusba.edu.pk ,http://www.sbbusba.edu.pk/
SHAHEED BENAZIR BHUTTO WOMEN UNIVERSITY,Public,"Shaheed Benazir Bhutto Women University, Opposite Fort Balahisar near LRH, Peshawar Pakistan.","+92-91-9212422, +92-91-922 477", info@sbbwu.edu.pk ,http://www.sbbwu.edu.pk
SHAHEED MOHTARMA BENAZIR BHUTTO MEDICAL UNIVERSITY,Public,"Shaheed Mohtarma Benazir Bhutto Medical University Larkana, Sindh, Pakistan","+92-74-9410724, +92-74-9410908", registrar@smbbmu.edu.pk ,http://www.smbbmu.edu.pk
SHAHEED ZULFIKAR ALI BHUTTO INSTITUTE OF SCIENCE & TECHNOLOGY,Private,"SZABIST 90 and 100 Clifton, Karachi 75600, Pakistan",(92-21) 111-922-478, info@szabist.edu.pk ,http://www.szabist.edu.pk
SHAHEED ZULFIQAR ALI BHUTTO MEDICAL UNIVERSITY,Public,"Shaheed Zulfiqar Ali Bhutto Medical University (SZABMU), PIMS, G-8/3, Islamabad, 44000",(92) (51) (9107) 687, info@szabmu.edu.pk ,http://www.szabmu.edu.pk/
SHAHEED ZULFIQAR ALI BHUTTO UNIVERSITY OF LAW,Public,"Chaudry Khaliq-uz-Zaman Road, Near Lilly Bridge, Clifton, Karachi. ",-99206434, info@szabul.edu.pk ,http://www.szabul.edu.pk 
SHIFA TAMEER-E-MILLAT UNIVERSITY,Private,"Shifa Tameer-e-Millat University  Pitras Bukhari Road, H-8/4  Islamabad 44000 Pakistan ","+92-51-8464214, +92-51-8464215", info@stmu.edu.pk ,http://www.stmu.edu.pk/ 
UNIVERSITY OF TECHNOLOGY (SHUHADA-E-ARMY PUBLIC SCHOOL),Public,"Ex-Adamjee Paper and Board Mills, Amangarh, Nowshera. 24100 ",0923-560301, samibangash@uotnowshera.edu.pk ,http://uotnowshera.edu.pk/ 
SINDH AGRICULTURE UNIVERSITY,Public,"Sindh Agriculture Univeristy, Tandojam Hyderabad, Sindh Pakistan Postal Code: 70060",-2765800, info@sau.edu.pk ,http://www.sau.edu.pk
SINDH INSTITUTE OF MANAGEMENT & TECHNOLOGY,Private,"ST-25, BLOCK 14, GULISTAN-E-JOHAR, KARACHI",021 111-746-746, info@simt.edu.pk ,http://www.simat.edu.pk 
SINDH INSTITUTE OF MEDICAL SCIENCES,Private,"Civil Hospital Karachi 74200, Pakistan", (92-21) 99215752 & 99215718, info@siut.org ,http://www.siut.org 
SINDH MADRESATUL ISLAM UNIVERSITY,Public,"Aiwan-e-Tijarat Road,  Karachi-74000, Pakistan.","+92-21-99211274, +92-21-992112", info@smiu.edu.pk ,http://www.smiu.edu.pk 
SIR SYED UNIVERSITY OF ENGINEERING & TECHNOLOGY,Private,"Main University Road,  Karachi 75300, Pakistan",+92 21 3498-8000, info@ssuet.edu.pk ,http://www.ssuet.edu.pk 
SUKKUR INSTITUTE OF BUSINESS ADMINISTRATION,Public,"Main Campus, Airport Road, Sukkur ",071-5644000-05, shoukat.abbasi@iba-suk.edu.pk ,http://www.iba-suk.edu.pk 
TEXTILE INSTITUTE OF PAKISTAN,Private,"203, Aamir Trade Centre Plot No. 233/1-A, Block 2, PECHS, Shara-e-Quaideen, Karachi. Pakistan.",(92-21) 34549734 / 34549870, info@tip.edu.pk ,http://tip.edu.pk/
THE SUPERIOR COLLEGE,Private,"Main Raiwind Road, Lahore","042-111-00-00-78 , 042-3810-42", info@superior.edu.pk ,http://www.superior.edu.pk 
THE UNIVERSITY OF FAISALABAD,Private,"Sargodha Road, University Town, Faisalabad ",+92 041-8868326-30, info@tuf.edu.pk ,http://www.tuf.edu.pk 
THE WOMEN UNIVERSITY,Public,"The Women University Multan Address: Kutchery Campus, L.M.Q. Road, Multan",061-9200811, info@wum.edu.pk ,http://www.wum.edu.pk 
UNIVERSITY OF AGRICULTURE,Public,"University of Agriculture University Main Rd، Faisalabad, Pakistan. ",+92 41 9200161-70, contact_us@uaf.edu.pk ,http://www.uaf.edu.pk 
UNIVERSITY OF AZAD JAMMU & KASHMIR,Public,"University of Azad Jammu & Kashmir, Administration Block, Challa Campus Muzaffarabad, Azad Kashmir",-966666, info@ajku.edu.pk ,http://www.ajku.edu.pk 
UNIVERSITY OF BALOCHISTAN,Public,"University of Balochistan, Sariab Road Quetta.", +92-81-9211124, registrar@um.uob.edu.pk ,http://www.uob.edu.pk 
UNIVERSITY OF CENTRAL PUNJAB,Private,"Khayaban-e-Jinnah Road, Johar Town, Lahore. ","+92-42-35954890, +92-42-358800", info@ucp.edu.pk ,http://www.ucp.edu.pk 
UNIVERSITY OF EDUCATION,Public,"College Road, Township, Lahore. ",-99262177, registrar@ue.edu.pk ,http://www.ue.edu.pk 
UNIVERSITY OF ENGINEERING & TECHNOLOGY,Public,"University of Engineering & Technology, Peshawar, Pakistan ",(+92-91)9216796-8, registrar@uetpeshawar.edu.pk ,http://www.uetpeshawar.edu.pk 
UNIVERSITY OF ENGINEERING & TECHNOLOGY,Public,"UNIVERSITY OF ENGINEERING & TECHNOLOGY, G.T. Rd, Lahore 54890, Pakistan","+92-42-99250201, +92-42-990292", registrar@uet.edu.pk ,http://www.uet.edu.pk 
UNIVERSITY OF ENGINEERING & TECHNOLOGY,Public,University of Engg. & Technology (UET) Taxila. ,+92 51-9047-400, nfo@uettaxila.edu.pk ,http://www.uettaxila.edu.pk 
UNIVERSITY OF FATA,Public,"Govt Degree College Darra Adam Khel Akhurwal F.R Kohat  N-55, Pakistan. ","+92-91-9218182, +92-91-9216427", info@fu.edu.pk ,http://www.fu.edu.pk/
UNIVERSITY OF GUJRAT,Public,"University of Gujrat Hafiz Hayat Campus Jalalpur Road Gujrat, Pakistan.",+92 (53) 3643112, info@uog.edu.pk ,http://www.uog.edu.pk 
UNIVERSITY OF HEALTH SCIENCES,Public,"University of Health Sciences, Khayaban-e-Jamia Punjab, Lahore-54600","+92-42-99231304-09, +92-42-111", info@uhs.edu.pk ,http://www.uhs.edu.pk 
UNIVERSITY OF KARACHI,Public,"University of Karachi Main University Road  Karachi - 75270  Sindh, Pakistan", 92.21.99261300-07 , info@uok.edu.pk ,http://www.uok.edu.pk 
UNIVERSITY OF LAHORE,Private,"UNIVERSITY OF LAHORE,1-K.M, Raiwind Road, Lahore. ",+92 42 111-865-865, info@uol.edu.pk ,http://www.uol.edu.pk 
UNIVERSITY OF MANAGEMENT & TECHNOLOGY,Private,"University of Management and Technology , C-II Johar Town Lahore ",+92 42 35212801-10, admissions@umt.edu.pk ,http://www.umt.edu.pk 
UNIVERSITY OF PESHAWAR,Public,"Old Jamrud Road, Peshawar. ",-9216700, registrar@uop.edu.pk ,http://www.uop.edu.pk/
UNIVERSITY OF SARGODHA,Public,"University of Sargodha, University Road Sargodha 40100 Punjab,Pakistan",-9230782, info@uos.edu.pk ,http://www.uos.edu.pk 
UNIVERSITY OF SCIENCE & TECHNOLOGY,Public," University of Science & Technology, Bannu, Khyber Pakhtunkhawa (KPK), (Pakistan)",-634671, registrar@ustb.edu.pk ,http://www.ustb.edu.pk 
UNIVERSITY OF SINDH,Public,"Allama I.I.Kazi Campus, University of Sindh, Jamshoro-76080, Sindh, Pakistan.",-9414, info@usindh.edu.pk ,http://www.usindh.edu.pk 
UNIVERSITY OF SOUTH ASIA,Private,"47-Tufail Road, Lahore Cantt. ","+92-42-36672943, +92-42-366 50", help@usa.edu.pk ,https://usa.edu.pk
UNIVERSITY OF SWABI,Public,"University of Swabi, Khyber Pakhtunkhwa",-491084, adminofficer@uoswabi.edu.pk ,http://www.uoswabi.edu.pk 
UNIVERSITY OF SWAT,Public,"G.T Road, Odigram, Swat, Khyber Pakhtunkhwa. ",+92-946-924 00060946, registrar@uswat.edu.pk ,http://www.uswat.edu.pk/ 
UNIVERSITY OF VETERINARY & ANIMAL SCIENCES,Public,"University of Veterinary and Animal Sciences - UVAS Syed Abdul Qadir Jillani (Out Fall) Road, Lahore - Pakistan","92-42-99211374, 99211449", helpline@uvas.edu.pk ,http://www.uvas.edu.pk 
UNIVERSITY OF WAH,Private,"Quaid Avenue, The Mall. Wah Cantt. ","051-9157000, 051-451425256-7", info@uow.edu.pk ,http://www.uow.edu.pk/
UNIVERSITY OF THE PUNJAB,Public,"P.O. Box No. 54590. Lahore, Pakistan.","+92-42-99231098-9, +92-42-3584", registrar@pu.edu.pk ,http://www.pu.edu.pk 
VIRTUAL UNIVERSITY OF PAKISTAN,Public,"M.A. Jinnah Campus, Defence Road, Off Raiwind Road, Lahore, Pakistan.",-99203851, registrar@vu.edu.pk ,http://www.vu.edu.pk/
WOMEN UNIVERSITY MARDAN,Public,http://www.wumardan.edu.pk ,(0937) 871 416, pstovc@wumardan.edu.pk ,http://www.wumardan.edu.pk 
"WOMEN UNIVERSITY, SWABI",Public,"WOMEN UNIVERSITY, SWABI",+92 0938-224222, info@wus.edu.pk ,http://www.wus.edu.pk/
ZIA-UD-DIN UNIVERSITY,Private,"4/B, Shahra-e-Ghalib, Block 6, Clifton, Karachi 75600. ",(9221) 35862937-9, info@zu.edu.pk ,https://zu.edu.pk
LAHORE SCHOOL OF ECONOMICS  ,Private,"Intersection Main Boulevard Phase VI DHA, Burki 53200, Lahore. ",+ 92 42 36560675, qaisar@lahoreschool.edu.pk ,http://www.lahoreschoolofeconomics.edu.pk 
"LASBELA UNIVERSITY OF AGRICULTURE, WATER & MARINE SCIENCES",Public,"Lasbela University of Agriculture, Water and Marine Sciences, Uthal, District Lasbela ",0853-610846 , pvc@luawms.edu.pk ,http://www.luawms.edu.pk/
UNIVERSITY OF TURBAT,Public,"Overseas Colony, Airport Road, Turbat Balochistan. ",-414491, registrar@uot.edu.pk ,http://www.uot.edu.pk 
Aga Khan University,Private,"First Floor, Juma Building  The Aga Khan University  P.O. Box 3500, Stadium Road,  Karachi 74800, Pakistan",+92 21 3493 0051, mc.ea@aku.edu ,https://www.aku.edu/
Al-Khair University (Banned by HEC),Private,"University Road, Bhimber (AJK)",05828-454085, info@alkhair.edu.pk ,http://alkhair.edu.pk
Barret Hodgson University,Private,"The Salim Habib Campus, NC-24, Deh Dih, Korangi Creek, Karachi ",92 21 35122931-35, info@bhu.edu.pk ,http://www.bhu.edu.pk/
Fatima Jinnah Women University,Public,"The Mall, Old Presidency, Rawalpindi ","+92-51-9292901,+92-51-9292902", bhs@fjwu.edu.pk ,http://www.fjwu.edu.pk 
Gambat Institute of Medical Sciences,Public,"Gambat Institute of Medical Sciences, Gambat Station Road, Pakistan. ",92-243-640160 , mailus@gims.edu.pk ,http://www.gims.edu.pk/
"Global Institute, Lahore [HEC-NOC SUSPENDED] ",Private,"3-Aurangzeb Block, New Garden Town, Lahore. ",-35857880, info@global.edu.pk ,http://global.edu.pk/
Imperial College of Business Studies ,Private,"Canal Bank Road Near Bahria Chowk, Lahore",-35978507, admissions@imperial.edu.pk ,http://imperial.edu.pk/
Mohi-ud-Din Islamic University,Private,"Mohi-ud-Din Islamic University, Nerian Sharif AJ&K. ",05825-450282-3 , info@miu.edu.pk ,http://miu.edu.pk/
Pakistan Military Academy,Public,"Kakul Road, Abbottabad Pakistan ","92 (0)992 - 363643	", missing@pma.edu.pk ,http://www.pma.edu.pk 
PAKISTAN NAVAL ACADEMY,Public,"Pakistan Naval Academy  Karachi, Pakistan ",0347 1891949, email@paknavy.gov.pk ,http://www.paknavy.gov.pk 
"Preston Institute of Management, Science & Technology (Banned for admissions w.e.f 10-06-2017)",Private,"177/2, IEP Building, Karachi, Pakistan",0921-32789888-90, admissions@pimsat-khi.edu.pk ,https://pimsat-khi.edu.pk
"Shuhada-e-Army Public School University of Technology, Nowshera",Public,"Ex-Adamjee Paper and Board Mills, Amangarh, Nowshera.",0923-560301 , missing@uotnowshera.edu.pk ,http://uotnowshera.edu.pk/
University of Kotli Azad Jammu and Kashmir,Public,"Kotli, Azad Kashmir, ",-965776, vice.chancellor@uokajk.edu.pk ,http://www.uokajk.edu.pk 
"University of Baltistan, Skardu",Public,"University of Baltistan, Skardu",05815-960070 , info@kiu.edu.pk ,https://www.kiu.edu.pk/page/skardu-campus
University of Loralai,Public,"College Road, Loralai at Loralai Zhob Division, Balochistan.",(0824) 410782, info@uoli.edu.pk ,http://www.uoli.edu.pk/
University of Malakand,Public,"Chakdara, Dir, Lower, Malakand Khyber Pakhtunkhwa ",0945-763023 Ext 3011, missinginfo@uom.edu.pk ,http://www.uom.edu.pk 
University of Poonch,Public,"B-65, Housing Scheme, Rawalakot (Azad Kashmir) ",+92 5824-960053 , registrar@upr.edu.pk ,http://www.upr.edu.pk/
Women University of Azad Jammu & Kashmir,Public,"Women University of Azad Jammu & Kashmir, Bagh ",058-23-960044, info@wuajk.edu.pk ,http://www.wuajk.edu.pk/
Shaheed Benazir Bhutto University,Public,"Sheringal, Upper Dir, Khyber Pakhtunkhwa",-886381, registrar@sbbu.edu.pk ,http://www.sbbu.edu.pk
Khushal Khan Khattak University,Public,"Opposite Tableghi markaz, Karak. ","+92-927- 291018, 291026", vc@kkkuk.edu.pk ,http://www.kkkuk.edu.pk/
"Benazir Bhutto Shaheed University of Technology & Skill Development, Khairpur Mirs",Public,Station Road Near Mil Colony Khairpur MiRS Khairpur  Khairpur Mirs ,0243-9280168, missingemail@bbsut.edu.pk ,https://www.underprocess.pk/
Bacha Khan University,Public,"Bacha Khan University, Palosa, Charsadda. ","091-6540116	", webmaster@bkuc.edu.pk ,http://www.bkuc.edu.pk/
National University of Technology (NUTECH),Public,"National University of Technology (NUTECH), IJP Road, Sector I-12, Islamabad. ",-5476727, info@nutech.edu.pk ,https://nutech.edu.pk/
ShifaTameer-E-Millat University,Private,"Shifa Tameer-e-Millat University Pitras Bukhari Road, H-8/4 Islamabad",-8464173, info@stmu.edu.pk ,https://stmu.edu.pk/
"Cholistan University of Veterinary and Animal Sciences, Bahawalpur",Public,"Cholistan University of Veterinary & Animal Sciences, Near DHA, Bahawalpur, Punjab-Pakistan",-9255686, registrar@cuvas.edu.pk ,http://www.cuvas.edu.pk
"Faisalabad Medical University, Faisalabad",Public,"Sargodha Road, Faisalabad-Punjab Pakistan ",-9210029, vcfmuf@gmail.com ,http://www.pmc.edu.pk/
Institute for Art and Culture,Private,"Mian Riwand Road, Lahore Pakistan ",-32589997, info@iac.edu.pk ,https://iac.edu.pk/
Nishtar Medical University Multan,Public,"Nishtar Medical University (NMU), Nishtar Road, Gillani Colony, Multan Punjab, Pakistan",-9200235, nishtarmed@gmail.com ,http://www.nmch.edu.pk
"Punjab Tianjin University of Technology, Lahore",Public,"Punjab Tianjin University of Technology (PTUT),  Near Green Town Police station, Township,  Lahore, Pakistan ",+92-42-9933 2438, info@ptut.edu.pk ,http://ptut.edu.pk/
"Emaan Institute of Management & Sciences, Karachi",Private,"E-136, Abul Hassan Asphani Road, Block-07 Gulshan-e-Iqbal, Karachi, 74200, Pakistan",-34999131, info@emaan.edu.pk ,http://www.emaan.edu.pk
"GOVERNMENT COLLEGE UNIVERSITY, HYDERABAD",Public,"Opposite Pinyari Police Station, Kali Mori, Hyderabad Sindh, Pakistan",-2111807, info@gcuh.edu.pk ,http://www.gcuh.edu.pk
ILMA University ,Private,"Main Ibrahim Hydri Road, Korangi Creek, Karachi. ",-35120391, info@ilmauniversity.edu.pk ,http://www.ibt.edu.pk
Sohail University,Private,"Sohail University, 22-23 Shaheed-e-Millat Road, Karachi-Sindh ",-34931824, baqarnawab@hotmail.com ,http://www.sohailuniversity.edu.pk
Abottabad University of Science And Technology (AUST),Public,"Captain Akaash Rabbani Shaheed Road, Tehsil Havelian, District Abbottabad, Khyber Pakhtunkhwa",-403017, info@aust.edu.pk ,http://aust.edu.pk
"The University of Agriculture, Peshawar",Public,"The University of Agriculture, Peshawar Pakistan ",-9221262, registrar@aup.edu.pk ,http://www.aup.edu.pk/
"University of Engineering & Technology (UET), Mardan",Public,"University of Engineering & Technology (UET), Mardan ",-9231140, registrar@uetmardan.edu.pk ,http://www.uetmardan.edu.pk
University of Science & Technology,Public,"Main Campus Township, Bannu. ",-634659, registrar@ustb.edu.pk ,https://www.ustb.edu.pk/
Brains Institute Peshawar,Private,"Phase III Chowk, Jamrud Road, Peshawar ",-5611636, info@brains.edu.pk ,http://brains.edu.pk
"The Bolan University of Medical and Health Sciences, Quetta	",Public,"The Bolan University of Medical & Health Sciences.  Brewery Road,Quetta Balochistan, Pakistan ",-9213059, registrar@bumhs.edu.pk ,http://www.bumhs.edu.pk/
"University of Sufism and Modern Sciences, Bhitshah Sindh",Public,Mian Campus; Bhit Shah ,-2762345, dep.registrar@usms.edu.pk ,http://usms.edu.pk/
Shaheed Benazir Bhutto University,Public,"Sheringal, Upper Dir, Khyber Pakhtunkhwa",-886379, registrar@sbbu.edu.pk ,https://sbbu.edu.pk/
The University of Lakki Marwat,Public,"The University of Lakki Marwat GPGC (Boys), District Lakki Marwat Khyber Pakhtunkhwa ",-512696, ulm_2017@outlook.com ,http://www.ulm.edu.pk
University of Buner,Public,"University of Buner Sowari, Buner, Khyber Pakhtunkhwa ",-556058, registrar@ubuner.edu.pk ,https://www.ubuner.edu.pk/
University of Chitral,Public,"University of Chitral Seen, Lasht Chitral, Khyber Pakhtunkhwa",-413252, registrar@uoch.edu.pk ,http://www.uoch.edu.pk
University of Haripur,Public,"Hattar Road, Near Swat Chowk, Tehsil & District Haripur. ",-616296, registrar@uoh.edu.pk ,http://www.uoh.edu.pk/
"Pak-Austria Fachhochschule Institute of Applied Sciences and Technology, Haripur",Public,"Mang, Haripur-Khyber Pakhtunkhwa Pakistan ",-646033, info@paf-iast.edu.pk ,https://www.paf-iast.edu.pk/
